ID,Ending Title,Ending Text,Min Trust,Max Trust,Min Trauma,Max Trauma
end_001,Digulingkan dalam Semalam,"Rakyat marah, negara terguncang hebat oleh trauma kolektif akibat kebijakan yang serampangan. Dalam hitungan hari, Presiden lengser lewat gelombang demonstrasi terbesar dalam sejarah.",0,33,67,100
end_002,Demi Negara!,"Rakyat cukup senang dengan gaya blak-blakan Presiden, tapi negara diam-diam menanggung trauma panjang: krisis kepercayaan mitra, ekonomi yang terguncang, dan luka yang belum sembuh.",34,66,67,100
end_003,"Pahlawan Rakyat, Negara Terluka","Di dalam negeri, Presiden dielu-elukan sebagai pembela wong cilik. Tapi negara menanggung trauma berat: sanksi ekonomi bertubi-tubi dan luka struktural yang sulit dipulihkan.",67,100,67,100
end_004,Antek-Antek Asing,"Kondisi negara relatif stabil dan minim trauma, investor asing puas. Tapi rakyat menganggap Presiden lebih mendengar Wall Street daripada suara warungnya sendiri.",0,33,34,66
end_005,Presiden Biasa,"Tidak ada yang benar-benar puas, tidak ada yang benar-benar marah. Negara berjalan biasa saja, tanpa trauma besar tapi juga tanpa prestasi berarti.",34,66,34,66
end_006,Dicintai Rakyat,"Rakyat mencintai Presiden apa adanya. Negara relatif tenang dan minim luka, meski capaiannya tidak istimewa-istimewa amat.",67,100,34,66
end_007,Musuh Rakyat,"Negara nyaris tanpa trauma di atas kertas, angka-angka ekonomi terlihat mengilap. Sayangnya, rakyat di dalam negeri merasa dikorbankan demi statistik yang rapi itu.",0,33,0,33
end_008,Diplomat Ulung,"Negara berjalan dengan trauma yang terkendali, Presiden jadi tamu kehormatan di forum dunia, meski di kampung sendiri banyak yang menganggapnya lebih sibuk ke luar negeri.",34,66,0,33
end_009,Presiden Legendaris,"Dicintai rakyatnya, negara pulih dan nyaris tanpa trauma berarti. Nama Presiden dikenang sebagai salah satu pemimpin paling seimbang dalam sejarah negara ini.",67,100,0,33
